Date,Price,Open,High,Low,Vol.,Change %
10/12/2020,281,274,284.6,273.8,364.56K,2.70%
10/13/2020,284,281,284,279.6,128.06K,1.07%
10/14/2020,283.8,283.8,283.8,281.2,223.33K,-0.07%
10/15/2020,285.4,283.8,286.8,281.8,257.37K,0.56%
10/16/2020,292,285.4,293.8,285.4,528.56K,2.31%
10/19/2020,289.6,290,290,285,166.50K,-0.82%
10/20/2020,289.2,289.6,291.6,286,201.02K,-0.14%
10/21/2020,285,290,291,285,256.05K,-1.45%
10/22/2020,295,284.8,295,281.2,801.19K,3.51%
10/23/2020,295,295,295,289.2,320.44K,0.00%
10/26/2020,298,295,298.8,294,140.69K,1.02%
10/27/2020,295,297.8,297.8,293,120.03K,-1.01%
10/28/2020,291,290,295,290,166.99K,-1.36%
10/29/2020,294,293,295,290,295.81K,1.03%
10/30/2020,300,295,300,291,316.33K,2.04%
11/03/2020,299.8,300,300.6,295,173.29K,-0.07%
11/04/2020,301,300,302.4,296,386.99K,0.40%
11/05/2020,296,302,305.4,296,269.99K,-1.66%
11/06/2020,300.2,297.8,301,296.8,272.20K,1.42%
11/09/2020,313,300.2,313,298,285.77K,4.26%
11/10/2020,310,310,313,304,453.90K,-0.96%
11/11/2020,310.4,310,313,309.2,156.27K,0.13%
11/13/2020,303,309.6,309.6,300,150.51K,-2.38%
11/16/2020,315,305,315,300.4,132.21K,3.96%
11/17/2020,311,314,314,305.2,156.05K,-1.27%
11/18/2020,306,309,310.4,300.4,297.74K,-1.61%
11/19/2020,300,309,309,300,234.94K,-1.96%
11/20/2020,304.2,303,306,301,134.73K,1.40%
11/23/2020,301,304.2,309,301,264.02K,-1.05%
11/24/2020,299.8,301.6,303,295.2,382.49K,-0.40%
11/25/2020,295,299.8,299.8,295,258.14K,-1.60%
11/26/2020,287,295,295.4,285,302.62K,-2.71%
11/27/2020,281.6,287,294.8,281.6,1.15M,-1.88%
12/01/2020,300,282,300,282,317.19K,6.53%
12/02/2020,298,300,300,295,301.76K,-0.67%
12/03/2020,296,300,300,290.2,293.95K,-0.67%
12/04/2020,295,296,300.4,294,196.50K,-0.34%
12/07/2020,297,295,301.6,294.4,282.91K,0.68%
12/09/2020,300,298,303.6,298,244.57K,1.01%
12/10/2020,295.4,300,300,295.4,287.91K,-1.53%
12/11/2020,290,300,300,290,420.42K,-1.83%
12/14/2020,287,294.6,295,287,537.37K,-1.03%
12/15/2020,287,290,294.8,287,353.81K,0.00%
12/16/2020,285.8,295,295,285.8,458.65K,-0.42%
12/17/2020,284,285.8,289.4,284,579.94K,-0.63%
12/18/2020,281.6,285,289.4,281.6,660.21K,-0.85%
12/21/2020,282.8,283,285.8,282,257.05K,0.43%
12/22/2020,282,283,284.2,282,240.26K,-0.28%
12/23/2020,282.6,282,284,281.8,230.02K,0.21%
12/28/2020,288.4,285,292,285,159.07K,2.05%
12/29/2020,292,290,293,289,333.66K,1.25%
01/04/2021,295,293,295,292,180.93K,1.03%
01/05/2021,299.2,295,299.2,288.8,281.44K,1.42%
01/06/2021,299,299.2,299.2,291,174.00K,-0.07%
01/07/2021,297,298.6,298.6,294,156.33K,-0.67%
01/08/2021,299,297,300,294.2,397.59K,0.67%
01/11/2021,298,300,301.4,295,338.64K,-0.33%
01/12/2021,295,298,299.6,295,157.52K,-1.01%
01/13/2021,296.6,295,299.4,294.4,115.41K,0.54%
01/14/2021,290.2,298.6,299,290.2,517.87K,-2.16%
01/15/2021,297.2,292,298.8,290.2,124.32K,2.41%
01/18/2021,297,297,297,293,232.29K,-0.07%
01/19/2021,290,291.2,293.8,290,386.30K,-2.36%
01/20/2021,293.8,290.4,293.8,288,209.15K,1.31%
01/21/2021,286,293.8,293.8,286,211.60K,-2.65%
01/22/2021,285,288,289.8,282.8,341.71K,-0.35%
01/25/2021,284,285,290,284,212.66K,-0.35%
01/26/2021,282,284,285,282,141.21K,-0.70%
01/27/2021,280,281.6,282,280,267.80K,-0.71%
01/28/2021,280,280,286,280,185.78K,0.00%
01/29/2021,261,280,282.8,261,984.72K,-6.79%
02/01/2021,276.8,268,278,268,366.57K,6.05%
02/02/2021,284.8,275,284.8,275,222.01K,2.89%
02/03/2021,284,284.8,284.8,279,404.16K,-0.28%
02/04/2021,288,284,288,281.6,160.28K,1.41%
02/05/2021,293.8,288,293.8,285,440.10K,2.01%
02/08/2021,291,293,295,289,371.38K,-0.95%
02/09/2021,293.6,291,294.8,290.2,156.58K,0.89%
02/10/2021,294.8,293,294.8,291.4,127.74K,0.41%
02/11/2021,289.2,294.8,294.8,289.2,120.27K,-1.90%
02/15/2021,289,289.2,294,289,110.38K,-0.07%
02/16/2021,293.8,289,294,289,44.54K,1.66%
02/17/2021,288,289.4,291.4,288,187.46K,-1.97%
02/18/2021,285.6,288.2,289.8,285.6,336.17K,-0.83%
02/19/2021,282,285.4,288.8,282,263.81K,-1.26%
02/22/2021,285,283,288,283,349.45K,1.06%
02/23/2021,278.6,284.8,289,277.8,253.98K,-2.25%
02/24/2021,275,278.8,279,275,300.14K,-1.29%
02/26/2021,271,275,278,270.4,737.99K,-1.45%
03/01/2021,274,278,286.4,274,228.89K,1.11%
03/02/2021,276,282,284,275,252.86K,0.73%
03/03/2021,281,276,281.6,275,230.38K,1.81%
03/04/2021,277.6,281,283,277.2,237.99K,-1.21%
03/05/2021,279,277.6,280.8,277.2,163.60K,0.50%
03/08/2021,275.2,279,280,271,251.99K,-1.36%
03/09/2021,277.2,275.4,279,272,112.39K,0.73%
03/10/2021,278,278.8,282,275,378.07K,0.29%
03/11/2021,272.2,282,282,271.2,224.68K,-2.09%
03/12/2021,271,273,275.8,270.8,238.44K,-0.44%
03/15/2021,267.4,278,278,266.8,369.11K,-1.33%
03/16/2021,267.4,269,273.8,267,323.79K,0.00%
03/17/2021,268,268.6,272.8,268,410.36K,0.22%
03/18/2021,273.6,268,274,268,77.90K,2.09%
03/19/2021,280,273.6,280,270,537.42K,2.34%
03/22/2021,272.6,275.6,280,271.8,253.52K,-2.64%
03/23/2021,272,273,279,272,243.90K,-0.22%
03/24/2021,280,273.6,280,272.2,285.79K,2.94%
03/25/2021,274.6,273,274.6,270.2,262.14K,-1.93%
03/26/2021,270.4,274.6,274.6,270.4,172.81K,-1.53%
03/29/2021,270,270.2,276,270,228.95K,-0.15%
03/30/2021,277.4,270.2,277.4,270.2,135.80K,2.74%
03/31/2021,272,276.2,277,272,250.04K,-1.95%
04/05/2021,274.6,272.4,276.8,270.8,101.24K,0.96%
04/06/2021,276,275,276.8,274.8,93.91K,0.51%
04/07/2021,283.8,276.6,283.8,276.6,256.66K,2.83%
04/08/2021,280.6,283.6,284,280,188.59K,-1.13%
04/12/2021,282.2,281,283,280,119.36K,0.57%
04/13/2021,278.6,282.2,282.6,275,165.46K,-1.28%
04/14/2021,278,277.8,278.6,273,156.00K,-0.22%
04/15/2021,275,278,278,274,116.13K,-1.08%
04/16/2021,273.8,275.2,277.6,273.2,119.90K,-0.44%
04/19/2021,273.6,274,276,273.6,83.76K,-0.07%
04/20/2021,278,274.4,278,274,137.06K,1.61%
04/21/2021,271,276,277.6,271,214.84K,-2.52%
04/22/2021,275,271.2,275,271.2,133.37K,1.48%
04/23/2021,275,274,275,271,153.15K,0.00%
04/26/2021,275,275,276.4,272.4,118.85K,0.00%
04/27/2021,270.2,273,275,270.2,247.24K,-1.75%
04/28/2021,271.2,274.6,274.6,271.2,242.78K,0.37%
04/29/2021,275.8,273,275.8,271.2,201.16K,1.70%
04/30/2021,272.8,274.8,275.4,272.8,174.76K,-1.09%
05/03/2021,272.4,273,275,272.4,94.39K,-0.15%
05/04/2021,272.4,272.6,274.8,272.4,79.19K,0.00%
05/05/2021,272.6,274.6,274.6,272,76.00K,0.07%
05/06/2021,270.2,272.6,273.8,270.2,135.22K,-0.88%
05/07/2021,273.8,273,273.8,271.2,87.86K,1.33%
05/10/2021,272.2,273.6,274.2,272,77.81K,-0.58%
05/11/2021,274.8,272,274.8,271.8,107.01K,0.96%
05/12/2021,274.2,274.8,274.8,272.2,77.86K,-0.22%
05/14/2021,274,274,274.2,271.2,200.48K,-0.07%
05/17/2021,273.8,274,274,271,174.43K,-0.07%
05/18/2021,273.8,273.8,273.8,271.4,118.11K,0.00%
05/19/2021,273.8,273.8,273.8,272,73.03K,0.00%
05/20/2021,274,274,274,272.6,187.81K,0.07%
05/21/2021,272,274,275,272,142.92K,-0.73%
05/24/2021,272.4,272,273.6,271.8,119.40K,0.15%
05/25/2021,274,272.4,274,271.8,245.06K,0.59%
05/26/2021,272.6,274,276.4,272.6,324.90K,-0.51%
05/27/2021,276,272.8,276.6,272.8,1.12M,1.25%
05/28/2021,284,276.4,285,276.4,372.26K,2.90%
05/31/2021,283.6,284,284.6,282,101.71K,-0.14%
06/01/2021,280,283.6,283.6,280,176.84K,-1.27%
06/02/2021,285,280,285,278.2,165.86K,1.79%
06/03/2021,284,285,285.4,280,148.00K,-0.35%
06/04/2021,282,285,285,281.2,146.89K,-0.70%
06/07/2021,275,281,282,275,409.61K,-2.48%
06/08/2021,275,275.6,281,275,263.07K,0.00%
06/09/2021,275.4,275.4,278.6,275.4,123.02K,0.15%
06/10/2021,277.6,278,280.8,277.6,193.91K,0.80%
06/11/2021,280,280,280.4,278,116.58K,0.86%
06/14/2021,280,279,282.2,279,125.73K,0.00%
06/15/2021,280,280.2,281.6,279.2,440.48K,0.00%
06/16/2021,278,280,281.6,277,228.68K,-0.71%
06/17/2021,278,279,279.2,277.2,167.05K,0.00%
06/18/2021,279.6,278.4,280,275,486.40K,0.58%
06/21/2021,275.8,279.6,279.6,275.2,130.73K,-1.36%
06/22/2021,276,278,278.2,275.8,148.34K,0.07%
06/23/2021,275.2,276,278,275.2,214.43K,-0.29%
06/24/2021,275.6,278,278,275.6,209.11K,0.15%
06/25/2021,275.4,276,277.8,275.4,178.81K,-0.07%
06/28/2021,278,275.4,278.6,275.4,160.20K,0.94%
06/29/2021,275,278,279,275,127.91K,-1.08%
06/30/2021,277.2,279,279,276,198.58K,0.80%
07/01/2021,278,278,281,277.4,148.15K,0.29%
07/02/2021,281.6,280.8,281.6,278.4,176.80K,1.29%
07/05/2021,282,282,283.4,281.8,63.42K,0.14%
07/06/2021,283.6,283,284.8,282,147.65K,0.57%
07/07/2021,285,284.4,285,282,160.68K,0.49%
07/08/2021,281,285,285,280,197.50K,-1.40%
07/09/2021,275.2,280.6,280.8,275.2,404.03K,-2.06%
07/12/2021,275.4,275.8,280,274.4,294.85K,0.07%
07/13/2021,276.6,275.4,276.8,275.4,89.26K,0.44%
07/14/2021,274.6,276.4,276.6,274.6,203.44K,-0.72%
07/15/2021,273,275.2,278,273,104.67K,-0.58%
07/16/2021,272,273.2,277,272,250.17K,-0.37%
07/19/2021,270.6,272,272.4,270.4,257.20K,-0.51%
07/21/2021,266,270.6,274,266,410.58K,-1.70%
07/22/2021,269.4,267,270.4,267,97.77K,1.28%
07/23/2021,269,270,270,267.8,84.73K,-0.15%
07/26/2021,267,269.8,269.8,267,103.06K,-0.74%
07/27/2021,272,269,272,268,200.27K,1.87%
07/28/2021,267,272,272,267,199.32K,-1.84%
07/29/2021,267,267,269.8,266.6,262.01K,0.00%
07/30/2021,265,269,269,265,352.63K,-0.75%
08/02/2021,265.2,265,267,264,180.51K,0.08%
08/03/2021,269,265.2,269,263.2,295.19K,1.43%
08/04/2021,268,269,270.8,266,169.54K,-0.37%
08/05/2021,272,269.8,272,268,200.79K,1.49%
08/06/2021,276,272,277.8,272,209.73K,1.47%
08/09/2021,270,276.8,276.8,270,158.97K,-2.17%
08/10/2021,276.4,270.4,277,270.4,270.67K,2.37%
08/11/2021,281.2,276.6,281.2,275,669.04K,1.74%
08/12/2021,280,280.2,280.2,277,127.30K,-0.43%
08/13/2021,290,280,290.2,278,1.82M,3.57%
08/16/2021,291,289.8,291,283,309.86K,0.34%
08/17/2021,292,289.8,292,287,596.83K,0.34%
08/18/2021,285,287,287,278,151.07K,-2.40%
08/19/2021,290,284.8,290,281,234.83K,1.75%
08/20/2021,286,290,290,285,253.32K,-1.38%
08/23/2021,281,285,285,281,250.27K,-1.75%
08/24/2021,289,282,289.4,281,297.86K,2.85%
08/25/2021,290,288.6,290,287.4,101.15K,0.35%
08/26/2021,290,290,290,286,192.61K,0.00%
08/27/2021,285,289.4,292,285,272.67K,-1.72%
08/31/2021,282,285,289.8,275,1.56M,-1.05%
09/01/2021,285.2,282,288.8,279.2,283.58K,1.13%
09/02/2021,281.8,285.2,288,281.8,200.03K,-1.19%
09/03/2021,289.8,281.8,292,281.8,441.55K,2.84%
09/06/2021,289.8,289.8,291.6,287.2,69.57K,0.00%
09/07/2021,289.4,290,290,287.4,101.69K,-0.14%
09/08/2021,292,290,292,289.4,467.28K,0.90%
09/09/2021,291,292,292,289.4,61.92K,-0.34%
09/10/2021,293.6,290.4,293.6,290.2,191.15K,0.89%
09/13/2021,297.8,293.6,297.8,292,284.68K,1.43%
09/14/2021,295,297.8,298,295,200.06K,-0.94%
09/15/2021,296.8,295,298,291.8,213.26K,0.61%
09/16/2021,296,296,296,293,131.93K,-0.27%
09/17/2021,296,296,297.8,294,272.63K,0.00%
09/20/2021,289,294,294.4,289,113.69K,-2.36%
09/21/2021,294,287,294,287,124.30K,1.73%
09/22/2021,288,292.4,295.8,288,189.36K,-2.04%
09/23/2021,292,291.8,293.8,291.6,124.09K,1.39%
09/24/2021,292,295,295,292,64.73K,0.00%
09/27/2021,296.2,292,296.2,290,169.43K,1.44%
09/28/2021,296,296.2,296.2,292.4,180.90K,-0.07%
09/29/2021,297,295,297,291,113.36K,0.34%
09/30/2021,298,296.8,298,294,151.08K,0.34%
10/01/2021,297,298,298.2,295,102.55K,-0.34%
10/04/2021,292,297,297,292,112.38K,-1.68%
10/05/2021,295,292.8,296.8,292.8,107.49K,1.03%
10/06/2021,294,295,296.2,293.2,97.61K,-0.34%
10/07/2021,293,296.2,297,293,98.31K,-0.34%
10/08/2021,288,295.4,298,288,190.28K,-1.71%
10/11/2021,292,292,296,288.2,165.42K,1.39%
10/12/2021,291.6,293,296,290.8,187.81K,-0.14%
10/13/2021,289,292,292,288,176.95K,-0.89%
10/14/2021,295,290,295,290,105.33K,2.08%
10/15/2021,299,295,299,292.2,250.60K,1.36%
10/18/2021,298.6,299,301.4,297,193.23K,-0.13%
10/19/2021,298,298.6,299.2,297,135.51K,-0.20%
10/20/2021,293.8,297.6,298.2,291,188.84K,-1.41%
10/21/2021,296.6,296,296.8,294.4,348.81K,0.95%
10/22/2021,294.6,296.6,296.8,292.2,159.92K,-0.67%
10/25/2021,293.4,294.6,295.8,293.4,59.14K,-0.41%
10/26/2021,295,294.4,295,293.8,58.16K,0.55%
10/27/2021,295,295,295,294,105.26K,0.00%
10/28/2021,293,294.6,294.8,292.4,110.22K,-0.68%
10/29/2021,287,293,293,287,404.69K,-2.05%
11/02/2021,287,293,293.6,287,675.46K,0.00%
11/03/2021,286,294,294.2,286,195.68K,-0.35%
11/04/2021,293,287,293,287,229.74K,2.45%
11/05/2021,295,293,295,292.4,173.35K,0.68%
11/08/2021,299,295,299,294.6,110.57K,1.36%
11/09/2021,297,299,299,297,158.93K,-0.67%
11/10/2021,297.6,297,298,295,118.13K,0.20%
11/11/2021,298.8,297.6,298.8,295.4,169.42K,0.40%
11/12/2021,298,298.4,298.4,296,126.77K,-0.27%
11/15/2021,297.8,298,298.4,297.2,132.46K,-0.07%
11/16/2021,298.6,297.8,298.6,297.2,179.49K,0.27%
11/17/2021,302.6,298.6,302.6,297,304.36K,1.34%
11/18/2021,295.2,302.8,302.8,295.2,275.59K,-2.45%
11/19/2021,300,296,300,294.8,235.88K,1.63%
11/22/2021,296.2,296,300,295.6,167.19K,-1.27%
11/23/2021,303,295.4,303,295.2,365.81K,2.30%
11/24/2021,300,303,303,299,96.60K,-0.99%
11/25/2021,301,299,301,299,144.79K,0.33%
11/26/2021,294,299,300.4,294,169.21K,-2.33%
11/29/2021,288,293,296,288,754.43K,-2.04%
12/01/2021,298,289.2,299,287,1.52M,3.47%
12/02/2021,299.8,295,299.8,292.4,425.40K,0.60%
12/03/2021,295,299.8,299.8,295,215.19K,-1.60%
12/06/2021,295,295,297,294.2,176.56K,0.00%
12/07/2021,292,295.2,296.8,292,60.83K,-1.02%
12/09/2021,297,293.2,297.4,292.8,97.57K,1.71%
12/10/2021,296.8,297,297,294.4,126.43K,-0.07%
12/13/2021,297.8,297,298.8,295,165.14K,0.34%
12/14/2021,299.4,297.2,299.4,296,182.85K,0.54%
12/15/2021,298.4,299,299,296.4,168.37K,-0.33%
12/16/2021,305,299,305,297.4,941.54K,2.21%
12/17/2021,307,305,307,300.8,399.45K,0.66%
12/20/2021,304.8,306,307,299,190.68K,-0.72%
12/21/2021,299,304.8,304.8,299,95.39K,-1.90%
12/22/2021,303,303.2,303.8,299.6,92.07K,1.34%
12/23/2021,302,303,304,300,89.37K,-0.33%
12/24/2021,299,304,304,299,55.94K,-0.99%
12/27/2021,301,299,301.4,298,86.77K,0.67%
12/28/2021,302,301,302.4,300.8,70.78K,0.33%
12/29/2021,300,302,302.6,299,150.97K,-0.66%
12/31/2021,295.2,300,300,295.2,108.08K,-1.60%
01/03/2022,297.6,295.2,299,295.2,60.65K,0.81%
01/05/2022,303,299.6,303,298.6,117.64K,1.81%
01/06/2022,305,303,305,301,188.65K,0.66%
01/07/2022,306,305,306,301.2,137.40K,0.33%
01/10/2022,306.4,306,307,304,136.03K,0.13%
01/11/2022,306.2,306,306.4,303,192.23K,-0.07%
01/12/2022,307,306.2,307,304.4,180.35K,0.26%
01/13/2022,307,307,307,305,113.28K,0.00%
01/14/2022,306.8,306.8,307,305.4,164.40K,-0.07%
01/17/2022,309.4,306,313,305.8,258.92K,0.85%
01/18/2022,313.6,309.4,314,309.4,102.50K,1.36%
01/19/2022,309,313,313.6,309,155.84K,-1.47%
01/20/2022,311.8,311,313,309.8,73.55K,0.91%
01/21/2022,315,310,315,310,67.02K,1.03%
01/24/2022,315,315,315,311,105.74K,0.00%
01/25/2022,324.4,315,325,314.8,344.80K,2.98%
01/26/2022,325,324.8,325,320,111.75K,0.18%
01/27/2022,327,324,327,321,306.85K,0.62%
01/28/2022,323,325,327,323,126.41K,-1.22%
01/31/2022,335,323,335,323,235.93K,3.72%
02/02/2022,329.2,335,335,329.2,143.64K,-1.73%
02/03/2022,336.8,330.8,337.2,330,226.98K,2.31%
02/04/2022,345,336.8,365,335.2,845.25K,2.43%
02/07/2022,340.4,348,353.8,340.4,216.14K,-1.33%
02/08/2022,350,341.4,356.8,341.4,288.15K,2.82%
02/09/2022,359,350,360.4,350,253.04K,2.57%
02/10/2022,350,355,358,345,400.95K,-2.51%
02/11/2022,347,353,357,344,496.69K,-0.86%
02/14/2022,362,344.6,362,337,319.07K,4.32%
02/15/2022,359,362,363,351.2,372.86K,-0.83%
02/16/2022,361,356,361.6,353.4,210.89K,0.56%
02/17/2022,362,361,362,356.4,105.18K,0.28%
02/18/2022,363.6,362,363.6,356.4,180.90K,0.44%
02/21/2022,365,363.6,365,359.4,286.09K,0.39%
02/22/2022,366,362.8,366,360.2,201.13K,0.27%
02/23/2022,366,365,366,361.2,203.52K,0.00%
02/24/2022,363,364.8,367,361,355.57K,-0.82%
02/28/2022,368,361,368,361,519.01K,1.38%
03/01/2022,368,369,375,365.4,429.18K,0.00%
03/02/2022,350,365,367.2,350,550.56K,-4.89%
03/03/2022,361.2,355,362,354,298.89K,3.20%
03/04/2022,364.6,358.2,364.6,358.2,126.10K,0.94%
03/07/2022,355,364,364,352.4,272.65K,-2.63%
03/08/2022,360,355,361.6,353,415.93K,1.41%
03/09/2022,372,361,377.6,360.8,684.19K,3.33%
03/10/2022,374.6,374,375.2,362,263.11K,0.70%
03/11/2022,370,374.6,374.6,366,201.46K,-1.23%
03/14/2022,354.2,370,370,354.2,313.99K,-4.27%
03/15/2022,360,356,360.6,354.6,339.35K,1.64%
03/16/2022,380,360,380,355.6,434.70K,5.56%
03/17/2022,378,380,380,372,285.72K,-0.53%
03/18/2022,358.2,377,378,358.2,1.42M,-5.24%
03/21/2022,359,359,362.6,359,481.49K,0.22%
03/22/2022,369.8,359,380.8,358.6,871.85K,3.01%
03/23/2022,374,369.8,374,364.2,128.98K,1.14%
03/24/2022,379,373.8,379.8,373,354.14K,1.34%
03/25/2022,369,372.6,372.6,364,111.06K,-2.64%
03/28/2022,373.2,369,373.2,360.2,238.46K,1.14%
03/29/2022,371,373.8,373.8,367,186.36K,-0.59%
03/30/2022,368.2,371.6,373.2,367.2,249.89K,-0.75%
03/31/2022,373.6,368,373.6,368,260.74K,1.47%
04/01/2022,373.8,370,373.8,370,174.31K,0.05%
04/04/2022,373.8,371,373.8,371,126.48K,0.00%
04/05/2022,374,373.2,374,368.4,178.10K,0.05%
04/06/2022,367,373.8,373.8,367,204.20K,-1.87%
04/07/2022,372.6,372.8,373.2,367,324.79K,1.53%
04/08/2022,374,370,374,370,231.22K,0.38%
04/11/2022,372.4,373.8,374,370.2,296.95K,-0.43%
04/12/2022,363.2,371.6,372.4,363.2,677.36K,-2.47%
04/13/2022,362.2,363.2,365.8,361.6,112.13K,-0.28%
04/18/2022,362,362,362.8,358.8,115.82K,-0.06%
04/19/2022,357,362,367,357,212.57K,-1.38%
04/20/2022,355.6,357,359.8,355,266.87K,-0.39%
04/21/2022,351.8,356,358.4,347.6,312.49K,-1.07%
04/22/2022,340,351,355,340,379.67K,-3.35%
04/25/2022,342.4,339,343.6,333.6,209.84K,0.71%
04/26/2022,347,340.4,349.6,340,194.30K,1.34%
04/27/2022,350,346.6,350,342,225.67K,0.86%
04/28/2022,357.8,351,358.8,347.2,303.42K,2.23%
04/29/2022,352.4,357.8,359.8,347,308.55K,-1.51%
05/02/2022,350,352.2,354.8,346,41.00K,-0.68%
05/04/2022,337.8,350,350,333.2,444.71K,-3.49%
05/05/2022,341,337,345,335,161.82K,0.95%
05/06/2022,344,340,344.8,335.6,321.85K,0.88%
05/10/2022,343,335,343,330,404.49K,-0.29%
05/11/2022,333.2,340,340,333.2,212.96K,-2.86%
05/12/2022,333.8,333.2,340,331.2,181.18K,0.18%
05/13/2022,330.2,333,339.8,330.2,353.31K,-1.08%
05/16/2022,330.4,335,335,330,242.73K,0.06%
05/17/2022,330,330.4,332,330,263.70K,-0.12%
05/18/2022,360,330,360,330,580.78K,9.09%
05/19/2022,351,348,359.2,341,298.45K,-2.50%
05/20/2022,360,345,360,344.8,277.80K,2.56%
05/23/2022,350,360,360,346,149.34K,-2.78%
05/24/2022,343,350,352,342.8,158.07K,-2.00%
05/25/2022,340,351.4,351.4,340,262.14K,-0.87%
05/26/2022,360,341,360,341,307.00K,5.88%
05/27/2022,360,359.6,360,352.2,101.00K,0.00%
05/30/2022,372,359.6,372,356,423.57K,3.33%
05/31/2022,373.2,372,374.8,364,1.07M,0.32%
06/01/2022,362,373.2,373.2,360.4,198.67K,-3.00%
06/02/2022,362,362,364.8,361,65.86K,0.00%
06/03/2022,369,360.4,370,360,168.72K,1.93%
06/06/2022,361.2,369,369,358.2,129.69K,-2.11%
06/07/2022,361,361.2,363,360,137.10K,-0.06%
06/08/2022,363,362,367.8,361.2,144.16K,0.55%
06/09/2022,370,363,370,359,94.77K,1.93%
06/10/2022,360.4,368.8,368.8,359,169.59K,-2.59%
06/13/2022,360,360.2,360.2,357.2,101.32K,-0.11%
06/14/2022,360,360.2,360.2,357,72.35K,0.00%
06/15/2022,360,357.4,360,356.4,122.19K,0.00%
06/16/2022,365,358,365,357,146.18K,1.39%
06/17/2022,365,363.8,366.8,358,319.78K,0.00%
06/20/2022,369.4,365,369.4,362,83.85K,1.21%
06/21/2022,371,369.6,371.6,365.2,418.92K,0.43%
06/22/2022,371.2,372,373,369.4,172.34K,0.05%
06/23/2022,370,371,372,368.4,184.34K,-0.32%
06/24/2022,357,370,372.8,357,637.87K,-3.51%
06/27/2022,353,357,358,353,124.43K,-1.12%
06/28/2022,358,352.2,359.8,352.2,243.87K,1.42%
06/29/2022,355,360,360,352.6,130.55K,-0.84%
06/30/2022,360,355,360,349,239.18K,1.41%
07/01/2022,353,358,358,351,576.00K,-1.94%
07/04/2022,351,353,355.8,351,75.71K,-0.57%
07/05/2022,359,351,359,351,83.91K,2.28%
07/06/2022,358,358.6,359.8,353.6,124.41K,-0.28%
07/07/2022,350,358,359,350,131.61K,-2.23%
07/08/2022,350,350.2,358,346.4,327.44K,0.00%
07/11/2022,354,351,354,347.2,63.38K,1.14%
07/12/2022,353.8,354,354,353,69.33K,-0.06%
07/13/2022,350,353.8,354,346,223.10K,-1.07%
07/14/2022,354,347.2,354,347.2,222.94K,1.14%
07/15/2022,363,353.8,363,350,240.53K,2.54%
07/18/2022,363,360,363,358.2,108.62K,0.00%
07/19/2022,369.6,356,369.6,356,135.88K,1.82%
07/20/2022,357.2,369,369,357.2,370.09K,-3.35%
07/21/2022,354.8,359,359.6,351.4,248.65K,-0.67%
07/22/2022,354,354,354.8,352.2,168.02K,-0.23%
07/25/2022,354,352.8,354,350,75.09K,0.00%
07/26/2022,358,354,358.8,354,82.27K,1.13%
07/27/2022,366,359,366,355.2,138.59K,2.23%
07/28/2022,366,364.2,366,362.2,328.23K,0.00%
07/29/2022,340,348,350,338,1.58M,-7.10%
08/01/2022,327.2,340,340,325.6,781.11K,-3.76%
08/02/2022,322,327.4,333.2,320.2,520.37K,-1.59%
08/03/2022,312,324.6,326.6,310,973.69K,-3.11%
08/04/2022,316.6,313.4,318.2,310.2,763.39K,1.47%
08/05/2022,316,319,324.4,316,541.96K,-0.19%
08/08/2022,319.8,316.6,319.8,316,262.32K,1.20%
08/09/2022,315,319.8,322.8,312.8,705.97K,-1.50%
08/10/2022,311.4,314,316.2,311,589.02K,-1.14%
08/11/2022,325,316,325,315.6,291.54K,4.37%
08/12/2022,329,325,329,320.2,276.96K,1.23%
08/15/2022,323.6,329,329.8,323.6,353.33K,-1.64%
08/16/2022,324,324,327,322,340.15K,0.12%
08/17/2022,328,329,332,326.6,356.51K,1.23%
08/18/2022,323,325,325.2,323,336.88K,-1.52%
08/19/2022,326,325,326,322.6,207.61K,0.93%
08/22/2022,326,326,326.6,324,186.32K,0.00%
08/23/2022,322,325,325,322,185.37K,-1.23%
08/24/2022,315.8,322,322.4,315.8,89.88K,-1.93%
08/25/2022,318,318,320.4,316,155.25K,0.70%
08/26/2022,313.8,318,318,312.6,205.25K,-1.32%
08/30/2022,311,313,318,310.2,454.87K,-0.89%
08/31/2022,301.2,311,316.8,301.2,515.44K,-3.15%
09/01/2022,310,303,313.2,303,135.86K,2.92%
09/02/2022,318,311.6,318,311,130.14K,2.58%
09/05/2022,320,318,320,316,54.13K,0.63%
09/06/2022,315.2,321,323,315.2,133.52K,-1.50%
09/07/2022,317.4,317,319.8,312.2,55.96K,0.70%
09/08/2022,315.2,313.6,317,311.2,173.15K,-0.69%
09/09/2022,318,315.2,318.2,315.2,61.13K,0.89%
09/12/2022,318,318,320,315.4,161.37K,0.00%
09/13/2022,317,317.8,318,315.6,177.49K,-0.31%
09/14/2022,310.2,315.2,317,310.2,248.61K,-2.15%
09/15/2022,310,310.2,314.4,310,137.85K,-0.06%
09/16/2022,310,310,313.6,310,318.18K,0.00%
09/19/2022,303.2,313,313,303.2,139.53K,-2.19%
09/20/2022,301,303.2,308,301,163.46K,-0.73%
09/21/2022,305,301,305.6,300,282.40K,1.33%
09/22/2022,305,301,306.8,300,125.10K,0.00%
09/23/2022,300.2,301.4,308,300.2,145.40K,-1.57%
09/27/2022,295.6,300.4,300.6,295.2,252.29K,-1.53%
09/28/2022,287.2,301,303,287.2,410.89K,-2.84%
09/29/2022,288.6,290.2,294.2,286,453.83K,0.49%
09/30/2022,263,286,290,263,729.80K,-8.87%
10/03/2022,277.2,269.6,277.2,265,540.75K,5.40%
10/04/2022,290.2,279.8,291.8,278.2,504.66K,4.69%
10/05/2022,298.4,291.4,299.8,291.4,349.72K,2.83%
10/06/2022,290.2,298,298,290.2,259.99K,-2.75%
10/07/2022,295.4,294,295.4,280,320.60K,1.79%
10/10/2022,285,295.4,295.4,281.4,261.36K,-3.52%
10/11/2022,293.2,289.8,294.8,289,71.05K,2.88%